1733118231075,0.66606015,NOSE,227.50327,199.95303,0.5809455,LEFT_EYE,235.93237,191.48192,0.5484287,RIGHT_EYE,219.95508,191.28447,0.5821154,LEFT_EAR,248.95355,196.45062,0.6880392,RIGHT_EAR,211.54642,196.98996,0.6569154,LEFT_SHOULDER,262.73013,218.45203,0.5714179,RIGHT_SHOULDER,195.93079,221.8949,0.7255398,LEFT_ELBOW,267.34613,140.67458,0.52496475,RIGHT_ELBOW,192.32721,144.84908,0.47171125,LEFT_WRIST,261.33786,62.134483,0.59202147,RIGHT_WRIST,194.54364,68.742386,0.65168136,LEFT_HIP,254.34814,355.0211,0.87158364,RIGHT_HIP,213.15985,355.61255,0.8436021,LEFT_KNEE,269.85782,439.61017,0.6913167,RIGHT_KNEE,209.67831,445.99503,0.6504672,LEFT_ANKLE,279.15436,509.53735,0.7804558,RIGHT_ANKLE,205.87732,514.77954,0.8918175,
1733118231164,0.6792232,NOSE,227.90881,200.96051,0.6374218,LEFT_EYE,236.7951,192.50749,0.5883032,RIGHT_EYE,220.5661,191.89938,0.62560445,LEFT_EAR,249.70197,198.02463,0.66647077,RIGHT_EAR,211.74548,197.86024,0.6651416,LEFT_SHOULDER,262.7691,219.67346,0.5823498,RIGHT_SHOULDER,196.68958,223.00882,0.77099586,LEFT_ELBOW,266.8831,143.2364,0.5147104,RIGHT_ELBOW,192.9205,155.65408,0.47983035,LEFT_WRIST,264.13666,63.870247,0.66740763,RIGHT_WRIST,194.4791,71.02378,0.5516049,LEFT_HIP,254.28552,355.89478,0.87384284,RIGHT_HIP,213.19595,356.151,0.8400169,LEFT_KNEE,269.74045,440.64816,0.7390456,RIGHT_KNEE,209.23526,446.33075,0.682894,LEFT_ANKLE,278.58038,508.8759,0.77781683,RIGHT_ANKLE,205.64923,515.3041,0.88333833,
1733118231249,0.6682421,NOSE,226.6145,201.6464,0.6680021,LEFT_EYE,235.39615,193.65744,0.6737319,RIGHT_EYE,219.78342,193.33015,0.5869992,LEFT_EAR,247.6001,199.81516,0.60511506,RIGHT_EAR,211.78003,199.95918,0.5217251,LEFT_SHOULDER,261.75613,221.35223,0.6150094,RIGHT_SHOULDER,196.245,225.23181,0.7926871,LEFT_ELBOW,267.607,147.41075,0.6538166,RIGHT_ELBOW,192.79861,156.61644,0.46869326,LEFT_WRIST,262.3852,67.4715,0.49130648,RIGHT_WRIST,195.01898,77.59024,0.48993143,LEFT_HIP,253.61285,357.339,0.86980546,RIGHT_HIP,212.60928,357.48718,0.81955755,LEFT_KNEE,268.81558,440.25058,0.7634431,RIGHT_KNEE,209.12631,445.87476,0.6657828,LEFT_ANKLE,278.51712,509.15527,0.7851765,RIGHT_ANKLE,205.36996,515.1853,0.88933337,
1733118231334,0.6795593,NOSE,226.06439,204.77583,0.7063744,LEFT_EYE,235.86218,195.65396,0.73655915,RIGHT_EYE,219.43149,195.68484,0.5874785,LEFT_EAR,249.48492,200.37392,0.5204673,RIGHT_EAR,212.80759,201.21555,0.60109055,LEFT_SHOULDER,261.72894,222.4215,0.57833195,RIGHT_SHOULDER,197.73169,225.77194,0.7514545,LEFT_ELBOW,268.01263,149.05286,0.6386873,RIGHT_ELBOW,193.27014,158.6295,0.51038533,LEFT_WRIST,264.12173,69.098434,0.48800465,RIGHT_WRIST,195.64435,79.63427,0.600662,LEFT_HIP,254.5018,357.12524,0.86798847,RIGHT_HIP,212.7109,357.66605,0.82247937,LEFT_KNEE,271.63654,439.93515,0.8172203,RIGHT_KNEE,209.85858,448.73904,0.6962383,LEFT_ANKLE,279.1458,508.75232,0.75496745,RIGHT_ANKLE,205.81854,516.09937,0.8741175,
1733118231428,0.71517575,NOSE,227.88348,204.78174,0.6927075,LEFT_EYE,237.17468,195.77246,0.72935534,RIGHT_EYE,221.48767,195.99709,0.68342304,LEFT_EAR,248.21875,199.3827,0.6072773,RIGHT_EAR,214.90326,201.16844,0.6900624,LEFT_SHOULDER,264.42914,222.18777,0.6393953,RIGHT_SHOULDER,198.28543,225.41757,0.7192614,LEFT_ELBOW,271.53485,152.33405,0.77338296,RIGHT_ELBOW,194.74146,158.67133,0.52092457,LEFT_WRIST,266.13837,73.65188,0.6186682,RIGHT_WRIST,194.62848,77.69637,0.7268355,LEFT_HIP,256.26434,358.64224,0.8529113,RIGHT_HIP,213.69632,359.001,0.8097291,LEFT_KNEE,273.23672,441.43784,0.8625815,RIGHT_KNEE,211.39108,450.8297,0.78540635,LEFT_ANKLE,281.2768,508.62262,0.76360345,RIGHT_ANKLE,207.49048,516.9611,0.6824626,
1733118231733,0.6273526,NOSE,227.85022,208.52861,0.7031828,LEFT_EYE,237.33069,199.23914,0.5769142,RIGHT_EYE,220.5412,199.56871,0.46116394,LEFT_EAR,250.02472,204.02083,0.6290711,RIGHT_EAR,211.59839,205.60152,0.7247767,LEFT_SHOULDER,262.6901,227.10542,0.6918678,RIGHT_SHOULDER,196.46744,230.32747,0.46463692,LEFT_ELBOW,268.03162,155.64693,0.64866173,RIGHT_ELBOW,192.78546,161.62962,0.47572413,LEFT_WRIST,264.98187,83.60459,0.50518835,RIGHT_WRIST,197.2503,89.28322,0.60076267,LEFT_HIP,256.4793,361.17862,0.79629946,RIGHT_HIP,214.26913,359.81873,0.7516497,LEFT_KNEE,271.72943,441.5445,0.7724243,RIGHT_KNEE,210.4942,448.57135,0.5383505,LEFT_ANKLE,279.7848,512.068,0.7259109,RIGHT_ANKLE,207.28574,518.4394,0.59840894,
1733118231823,0.60905784,NOSE,228.24643,209.41118,0.5531566,LEFT_EYE,236.27051,200.49898,0.4924959,RIGHT_EYE,220.56784,200.98386,0.57625705,LEFT_EAR,248.96255,205.06339,0.64460856,RIGHT_EAR,210.92648,206.8376,0.6840459,LEFT_SHOULDER,262.3288,228.16885,0.7106941,RIGHT_SHOULDER,196.25885,232.32092,0.5177969,LEFT_ELBOW,265.28717,159.12921,0.63312316,RIGHT_ELBOW,193.91815,167.12155,0.48761564,LEFT_WRIST,262.49402,89.09165,0.3352052,RIGHT_WRIST,199.43619,90.436714,0.5220982,LEFT_HIP,254.78885,360.29523,0.78000844,RIGHT_HIP,213.63766,361.3012,0.75574166,LEFT_KNEE,271.1407,442.24255,0.7148121,RIGHT_KNEE,210.0845,449.64764,0.5145072,LEFT_ANKLE,279.63275,511.89905,0.73397243,RIGHT_ANKLE,207.30646,518.9676,0.69784486,
1733118231911,0.62396294,NOSE,227.98862,209.26443,0.680263,LEFT_EYE,237.40677,199.58275,0.5392389,RIGHT_EYE,220.50665,199.96466,0.4909159,LEFT_EAR,250.06653,204.40591,0.63264096,RIGHT_EAR,211.18582,205.79077,0.71196246,LEFT_SHOULDER,262.68652,227.78989,0.72591454,RIGHT_SHOULDER,196.92584,231.06499,0.5160382,LEFT_ELBOW,267.4777,157.53476,0.6311983,RIGHT_ELBOW,192.42175,163.23636,0.46768,LEFT_WRIST,265.47302,84.93336,0.4686661,RIGHT_WRIST,196.94873,86.41882,0.5631739,LEFT_HIP,255.63025,360.49646,0.7884352,RIGHT_HIP,214.12979,361.37524,0.77157485,LEFT_KNEE,271.36517,442.60986,0.74638665,RIGHT_KNEE,210.35797,449.15555,0.5508608,LEFT_ANKLE,279.43756,511.66293,0.7361599,RIGHT_ANKLE,207.09125,518.2496,0.5862609,
1733118232000,0.6293649,NOSE,227.33777,208.6893,0.71445966,LEFT_EYE,236.81915,199.67674,0.52780163,RIGHT_EYE,220.34726,199.71371,0.4390006,LEFT_EAR,248.98029,204.33052,0.6700324,RIGHT_EAR,210.64304,205.32733,0.6890365,LEFT_SHOULDER,260.93204,227.41577,0.66897476,RIGHT_SHOULDER,195.80731,230.3958,0.4419351,LEFT_ELBOW,264.44473,156.31044,0.6312657,RIGHT_ELBOW,193.23834,161.02774,0.50425863,LEFT_WRIST,261.52554,83.38626,0.41102085,RIGHT_WRIST,195.37344,90.29298,0.6243678,LEFT_HIP,255.20413,362.1043,0.7788544,RIGHT_HIP,213.86417,360.8058,0.774395,LEFT_KNEE,271.41455,442.6135,0.7782283,RIGHT_KNEE,210.04468,448.37143,0.5842199,LEFT_ANKLE,278.9796,511.75275,0.7943454,RIGHT_ANKLE,206.50845,517.9536,0.66700774,
1733118232085,0.63335663,NOSE,226.9226,208.93558,0.7203722,LEFT_EYE,235.30115,199.60466,0.3652921,RIGHT_EYE,219.45416,200.07109,0.43560454,LEFT_EAR,247.52505,204.4921,0.72042143,RIGHT_EAR,209.56995,206.21399,0.6344366,LEFT_SHOULDER,260.50266,225.80946,0.66148007,RIGHT_SHOULDER,196.8859,230.11432,0.6259301,LEFT_ELBOW,267.56952,158.55328,0.708557,RIGHT_ELBOW,191.2851,161.00006,0.5121813,LEFT_WRIST,260.27533,85.89525,0.4024354,RIGHT_WRIST,197.29434,89.78621,0.5326115,LEFT_HIP,253.39441,359.68683,0.8330991,RIGHT_HIP,211.75076,360.46603,0.7028189,LEFT_KNEE,268.19318,443.31525,0.78510314,RIGHT_KNEE,208.65613,449.40826,0.6511137,LEFT_ANKLE,278.66483,512.74713,0.79086477,RIGHT_ANKLE,204.84149,518.0335,0.68474174,
1733118232176,0.6537449,NOSE,226.69092,208.93192,0.7285127,LEFT_EYE,234.8003,200.17928,0.4377572,RIGHT_EYE,219.28497,200.43648,0.46966574,LEFT_EAR,246.18741,205.59798,0.7557862,RIGHT_EAR,208.1561,206.9737,0.5981808,LEFT_SHOULDER,259.56268,226.65112,0.69712627,RIGHT_SHOULDER,196.59299,230.35417,0.6561991,LEFT_ELBOW,267.27728,157.74501,0.7491766,RIGHT_ELBOW,191.19879,161.71457,0.52534175,LEFT_WRIST,259.93588,88.83614,0.39002335,RIGHT_WRIST,197.02084,90.46218,0.55761486,LEFT_HIP,252.79572,360.56335,0.8151538,RIGHT_HIP,211.64676,360.3059,0.6959547,LEFT_KNEE,268.5036,444.82425,0.8140354,RIGHT_KNEE,208.03308,448.71292,0.68853104,LEFT_ANKLE,277.9339,512.1028,0.8138813,RIGHT_ANKLE,204.57431,517.6493,0.72072273,
1733118232266,0.65007937,NOSE,226.18433,208.7395,0.73560506,LEFT_EYE,234.29425,199.83789,0.38712427,RIGHT_EYE,219.07861,200.94669,0.49118108,LEFT_EAR,245.8147,205.40826,0.7502373,RIGHT_EAR,209.75903,207.489,0.63071764,LEFT_SHOULDER,260.34216,226.43654,0.719824,RIGHT_SHOULDER,196.49014,230.93466,0.67971337,LEFT_ELBOW,266.43713,156.04803,0.72370356,RIGHT_ELBOW,191.55136,161.03595,0.5334345,LEFT_WRIST,257.9959,87.75437,0.386288,RIGHT_WRIST,197.71863,92.45551,0.52931607,LEFT_HIP,252.23645,359.1452,0.82993305,RIGHT_HIP,210.73337,359.22144,0.70836663,LEFT_KNEE,268.69003,444.64175,0.801109,RIGHT_KNEE,208.53647,448.47028,0.6310022,LEFT_ANKLE,277.70593,512.3505,0.80163586,RIGHT_ANKLE,204.53436,518.7361,0.7121569,
1733118232355,0.6495146,NOSE,228.00433,209.57487,0.6591272,LEFT_EYE,235.41333,200.95328,0.54747605,RIGHT_EYE,220.60773,201.05023,0.5877366,LEFT_EAR,245.09918,205.19165,0.7099912,RIGHT_EAR,209.328,206.7471,0.62446743,LEFT_SHOULDER,260.296,228.44586,0.7158035,RIGHT_SHOULDER,197.413,231.12138,0.63043743,LEFT_ELBOW,264.8241,161.3858,0.60616827,RIGHT_ELBOW,192.3747,158.04599,0.5466599,LEFT_WRIST,257.95435,86.21461,0.36174935,RIGHT_WRIST,198.21078,80.93194,0.6509726,LEFT_HIP,252.91785,360.30164,0.79615784,RIGHT_HIP,210.51419,360.2367,0.67824674,LEFT_KNEE,269.90106,445.1441,0.738771,RIGHT_KNEE,208.98602,448.76773,0.6075598,LEFT_ANKLE,278.19458,513.8329,0.80896294,RIGHT_ANKLE,204.9389,519.2181,0.77145916,
1733118232444,0.66078264,NOSE,228.12817,209.54118,0.5379939,LEFT_EYE,235.79587,202.09293,0.6450552,RIGHT_EYE,220.87677,201.7919,0.6277573,LEFT_EAR,245.93277,205.82013,0.6966818,RIGHT_EAR,209.63736,206.6257,0.6392775,LEFT_SHOULDER,260.6593,227.97714,0.7496122,RIGHT_SHOULDER,195.61053,231.44106,0.45636773,LEFT_ELBOW,264.1153,157.6504,0.661363,RIGHT_ELBOW,191.3364,154.19,0.50528693,LEFT_WRIST,257.54025,80.36914,0.46763837,RIGHT_WRIST,197.2988,76.875854,0.66764426,LEFT_HIP,253.65778,360.84247,0.80028814,RIGHT_HIP,210.72308,361.44794,0.71327543,LEFT_KNEE,271.90585,444.16864,0.80380607,RIGHT_KNEE,209.10687,449.46884,0.65908974,LEFT_ANKLE,278.22894,513.7345,0.81948686,RIGHT_ANKLE,204.75348,519.30066,0.7826808,
1733118232532,0.68898493,NOSE,227.86902,210.46332,0.59084964,LEFT_EYE,235.33917,203.23062,0.6726268,RIGHT_EYE,220.58316,202.64037,0.6214758,LEFT_EAR,245.12915,207.13593,0.70350313,RIGHT_EAR,208.93466,207.13667,0.6206585,LEFT_SHOULDER,260.74924,226.42725,0.75886333,RIGHT_SHOULDER,197.86252,230.019,0.58778644,LEFT_ELBOW,266.11172,157.56021,0.5653226,RIGHT_ELBOW,189.81448,152.6976,0.45740345,LEFT_WRIST,257.95233,80.75816,0.53414255,RIGHT_WRIST,194.35065,77.31752,0.7740884,LEFT_HIP,255.51407,362.47928,0.82342434,RIGHT_HIP,212.33484,362.9152,0.8201793,LEFT_KNEE,271.18274,446.47064,0.758228,RIGHT_KNEE,206.71735,450.4024,0.77385736,LEFT_ANKLE,277.5924,513.56506,0.84206086,RIGHT_ANKLE,204.13974,518.52826,0.80827296,
1733118232624,0.6940142,NOSE,226.76266,211.09784,0.6414888,LEFT_EYE,234.32092,203.2869,0.66096663,RIGHT_EYE,219.57959,202.64748,0.5718099,LEFT_EAR,243.73224,207.07658,0.7269782,RIGHT_EAR,207.94095,206.4331,0.60264397,LEFT_SHOULDER,260.8733,229.49872,0.7655867,RIGHT_SHOULDER,196.9566,230.157,0.62114656,LEFT_ELBOW,265.66238,158.90219,0.5344597,RIGHT_ELBOW,188.09726,154.32472,0.456564,LEFT_WRIST,257.6632,84.32918,0.5571537,RIGHT_WRIST,191.7286,77.56705,0.76834154,LEFT_HIP,255.55823,364.74545,0.8357097,RIGHT_HIP,211.86993,365.1966,0.8371793,LEFT_KNEE,271.48178,446.99435,0.7509306,RIGHT_KNEE,207.09396,451.41858,0.811591,LEFT_ANKLE,276.88733,513.10486,0.85106754,RIGHT_ANKLE,204.33643,517.9456,0.8046236,
1733118232714,0.6964514,NOSE,225.37402,210.89272,0.6144203,LEFT_EYE,232.80173,203.20004,0.59186345,RIGHT_EYE,218.92828,203.17139,0.6723982,LEFT_EAR,241.70154,207.24542,0.67337817,RIGHT_EAR,209.52063,207.30666,0.6848168,LEFT_SHOULDER,259.97406,228.85078,0.76609033,RIGHT_SHOULDER,196.31592,230.64546,0.6734636,LEFT_ELBOW,266.53134,159.70801,0.7544097,RIGHT_ELBOW,188.30646,156.15417,0.45397434,LEFT_WRIST,257.4045,82.92102,0.55131376,RIGHT_WRIST,191.68155,77.771545,0.7724818,LEFT_HIP,254.70596,366.53564,0.8461069,RIGHT_HIP,210.49878,367.4014,0.7824823,LEFT_KNEE,271.93976,448.05487,0.7770467,RIGHT_KNEE,207.15656,452.03598,0.5549927,LEFT_ANKLE,277.0139,513.80054,0.8480921,RIGHT_ANKLE,204.27997,519.1352,0.82234293,
1733118232803,0.6822583,NOSE,223.71991,215.16998,0.69910157,LEFT_EYE,231.80386,207.34018,0.5163208,RIGHT_EYE,217.9736,207.35121,0.7272724,LEFT_EAR,241.80676,210.74287,0.5703467,RIGHT_EAR,209.53946,211.40576,0.5713484,LEFT_SHOULDER,259.78723,231.69664,0.65853935,RIGHT_SHOULDER,198.02219,232.38583,0.7438711,LEFT_ELBOW,265.33337,161.7818,0.77351516,RIGHT_ELBOW,190.82443,158.18356,0.52449083,LEFT_WRIST,255.76562,88.59238,0.40616474,RIGHT_WRIST,192.82016,80.25156,0.6966218,LEFT_HIP,254.5451,367.86243,0.8461016,RIGHT_HIP,211.2511,369.6957,0.71852726,LEFT_KNEE,272.8079,449.9842,0.8306918,RIGHT_KNEE,206.2302,451.85834,0.6098561,LEFT_ANKLE,276.34647,513.88684,0.87080765,RIGHT_ANKLE,204.39719,519.38007,0.83481526,
1733118232892,0.6886059,NOSE,224.73856,224.1359,0.65207076,LEFT_EYE,232.26486,215.2915,0.5136634,RIGHT_EYE,217.9325,215.21814,0.7038022,LEFT_EAR,243.2113,217.67459,0.7283407,RIGHT_EAR,209.68005,218.23569,0.64985675,LEFT_SHOULDER,260.48877,236.8122,0.7422057,RIGHT_SHOULDER,196.66486,238.94579,0.608927,LEFT_ELBOW,267.16797,165.16898,0.5707016,RIGHT_ELBOW,190.58508,158.69803,0.4358816,LEFT_WRIST,261.64716,95.0586,0.5253073,RIGHT_WRIST,192.68362,86.02096,0.73143566,LEFT_HIP,255.66211,370.87543,0.799209,RIGHT_HIP,209.1325,372.60284,0.8163907,LEFT_KNEE,277.04724,452.5386,0.83155096,RIGHT_KNEE,202.11197,456.6621,0.7032825,LEFT_ANKLE,275.19116,514.9807,0.8573549,RIGHT_ANKLE,203.73264,521.7271,0.83631974,
1733118232979,0.63621294,NOSE,224.15164,229.03215,0.64398324,LEFT_EYE,230.86285,222.34464,0.5293821,RIGHT_EYE,217.42407,221.97092,0.67431647,LEFT_EAR,240.47961,224.37317,0.65522695,RIGHT_EAR,207.77103,224.73314,0.5960937,LEFT_SHOULDER,255.32837,245.57709,0.69672453,RIGHT_SHOULDER,200.52557,249.25122,0.69274825,LEFT_ELBOW,267.27298,178.23419,0.7041398,RIGHT_ELBOW,189.23752,176.75935,0.35703966,LEFT_WRIST,257.45908,116.239624,0.42107603,RIGHT_WRIST,187.60995,122.73388,0.38881266,LEFT_HIP,254.70471,379.0776,0.82625455,RIGHT_HIP,209.04507,380.6447,0.7597195,LEFT_KNEE,279.38382,453.59918,0.7165235,RIGHT_KNEE,197.37704,457.99316,0.62438977,LEFT_ANKLE,274.38513,514.7545,0.8358878,RIGHT_ANKLE,204.41278,520.7091,0.69330347,
1733118233066,0.73603487,NOSE,220.0266,236.51547,0.5696647,LEFT_EYE,229.96669,228.40337,0.64229643,RIGHT_EYE,215.07591,228.74767,0.6859627,LEFT_EAR,241.29738,230.60147,0.62684554,RIGHT_EAR,208.88582,231.76776,0.6142435,LEFT_SHOULDER,260.83276,252.551,0.6731047,RIGHT_SHOULDER,195.42177,255.80185,0.8256669,LEFT_ELBOW,269.92877,183.39046,0.6822362,RIGHT_ELBOW,184.5077,185.71701,0.627836,LEFT_WRIST,257.16486,98.347755,0.79776603,RIGHT_WRIST,188.17805,101.1876,0.77085805,LEFT_HIP,255.88295,380.58035,0.8615066,RIGHT_HIP,210.08199,381.54913,0.852493,LEFT_KNEE,283.81702,452.4163,0.7828234,RIGHT_KNEE,194.53838,459.4586,0.8209875,LEFT_ANKLE,273.7198,513.74243,0.86878306,RIGHT_ANKLE,200.7914,521.8429,0.80951774,
1733118233157,0.681529,NOSE,224.8537,251.87798,0.61955595,LEFT_EYE,231.51746,243.7719,0.6239231,RIGHT_EYE,217.55234,244.06898,0.7230557,LEFT_EAR,246.06451,243.8666,0.73834157,RIGHT_EAR,209.15967,244.37242,0.59743226,LEFT_SHOULDER,260.72418,262.12402,0.6142201,RIGHT_SHOULDER,199.0195,267.1604,0.6302949,LEFT_ELBOW,271.20175,190.20454,0.73124313,RIGHT_ELBOW,186.75067,198.50793,0.5278555,LEFT_WRIST,262.50903,117.499016,0.59623027,RIGHT_WRIST,190.7818,115.18153,0.64242494,LEFT_HIP,254.34528,388.6523,0.77166265,RIGHT_HIP,211.06583,387.178,0.66161156,LEFT_KNEE,286.8136,455.24878,0.7060914,RIGHT_KNEE,191.98953,461.51703,0.8234988,LEFT_ANKLE,273.87286,513.25024,0.8500173,RIGHT_ANKLE,204.2843,519.579,0.72853327,
1733118233246,0.67420715,NOSE,224.96182,259.71088,0.58873045,LEFT_EYE,232.3237,251.1513,0.5761283,RIGHT_EYE,217.69437,250.98619,0.6420077,LEFT_EAR,245.85834,250.26643,0.59241825,RIGHT_EAR,210.12973,252.01317,0.6155106,LEFT_SHOULDER,262.6801,268.9704,0.7183988,RIGHT_SHOULDER,196.01733,273.6414,0.6445378,LEFT_ELBOW,272.62283,197.07224,0.6414265,RIGHT_ELBOW,184.92068,205.82831,0.60593015,LEFT_WRIST,259.71405,124.88286,0.51603913,RIGHT_WRIST,187.10791,127.52936,0.6992125,LEFT_HIP,253.77975,391.92194,0.75485986,RIGHT_HIP,211.67789,392.74402,0.76757604,LEFT_KNEE,286.1197,457.4316,0.7659973,RIGHT_KNEE,191.69809,463.30368,0.80141824,LEFT_ANKLE,272.8455,514.0413,0.83353806,RIGHT_ANKLE,203.63425,520.04645,0.6977923,
1733118233335,0.6547952,NOSE,226.23282,270.69806,0.63628215,LEFT_EYE,232.8852,263.33344,0.6776348,RIGHT_EYE,218.94153,263.12848,0.4477186,LEFT_EAR,246.24344,265.3224,0.7294283,RIGHT_EAR,211.65952,265.17282,0.6181425,LEFT_SHOULDER,261.89255,282.49554,0.6329838,RIGHT_SHOULDER,198.81598,284.40833,0.6844317,LEFT_ELBOW,272.5124,217.72275,0.6410676,RIGHT_ELBOW,187.66681,219.9497,0.48247123,LEFT_WRIST,258.11417,139.39072,0.4556287,RIGHT_WRIST,188.97952,145.07526,0.6415435,LEFT_HIP,253.89499,398.6966,0.7840774,RIGHT_HIP,212.70413,396.48553,0.6993462,LEFT_KNEE,287.37656,458.34506,0.7234396,RIGHT_KNEE,192.01984,466.4532,0.7916987,LEFT_ANKLE,272.26624,514.3154,0.8195887,RIGHT_ANKLE,202.88348,520.88403,0.6660366,
1733118233423,0.711602,NOSE,227.20847,280.19342,0.63035613,LEFT_EYE,234.40384,273.1621,0.58384585,RIGHT_EYE,220.75491,272.8911,0.70904315,LEFT_EAR,245.44785,273.30548,0.64192766,RIGHT_EAR,214.00415,273.57147,0.5979513,LEFT_SHOULDER,261.44763,289.53986,0.4904515,RIGHT_SHOULDER,200.07968,292.4881,0.7597558,LEFT_ELBOW,276.7184,228.63783,0.7594846,RIGHT_ELBOW,187.76852,235.62502,0.6943755,LEFT_WRIST,263.8711,152.40898,0.5512544,RIGHT_WRIST,190.81757,158.99701,0.6781645,LEFT_HIP,254.40982,404.76407,0.86555094,RIGHT_HIP,212.31738,404.66113,0.8327915,LEFT_KNEE,288.86368,461.13742,0.8280299,RIGHT_KNEE,190.45053,473.14194,0.80429304,LEFT_ANKLE,273.67297,514.34454,0.9026347,RIGHT_ANKLE,204.69998,520.8137,0.7673233,
1733118233516,0.7220107,NOSE,227.78508,292.31787,0.65029514,LEFT_EYE,233.4615,284.50818,0.6517931,RIGHT_EYE,219.68602,283.77386,0.7713844,LEFT_EAR,247.49776,281.37244,0.67164266,RIGHT_EAR,213.38606,281.80023,0.5522003,LEFT_SHOULDER,260.87952,294.60437,0.60496086,RIGHT_SHOULDER,197.67534,299.34186,0.7092291,LEFT_ELBOW,276.2544,235.89294,0.8453341,RIGHT_ELBOW,188.06847,239.3653,0.68499386,LEFT_WRIST,261.6931,157.39098,0.5165266,RIGHT_WRIST,191.87633,164.71617,0.697662,LEFT_HIP,254.25768,406.17133,0.8224415,RIGHT_HIP,212.27953,406.90955,0.821216,LEFT_KNEE,288.65765,462.97162,0.8742223,RIGHT_KNEE,190.3279,471.02747,0.8120787,LEFT_ANKLE,272.80896,512.8926,0.90364975,RIGHT_ANKLE,203.54332,520.4551,0.6845525,
1733118233607,0.7005917,NOSE,228.66219,298.00107,0.6385626,LEFT_EYE,233.77669,291.1839,0.5429458,RIGHT_EYE,221.33351,290.92218,0.6760545,LEFT_EAR,245.53175,290.24475,0.7286793,RIGHT_EAR,213.91222,291.1317,0.48738113,LEFT_SHOULDER,262.04858,301.48718,0.5293294,RIGHT_SHOULDER,199.74556,307.5348,0.7868868,LEFT_ELBOW,277.16595,246.45892,0.7344792,RIGHT_ELBOW,189.13522,251.40556,0.6611308,LEFT_WRIST,264.10638,168.665,0.5839292,RIGHT_WRIST,192.05956,173.87454,0.774469,LEFT_HIP,255.3702,411.7382,0.86400783,RIGHT_HIP,214.43547,413.4425,0.7942854,LEFT_KNEE,288.2536,463.72598,0.786921,RIGHT_KNEE,191.53539,470.06796,0.80858505,LEFT_ANKLE,276.77502,515.74097,0.7414645,RIGHT_ANKLE,205.15422,520.8718,0.7709477,
1733118233697,0.70744646,NOSE,228.73776,310.64713,0.60715836,LEFT_EYE,235.39532,303.67767,0.5441882,RIGHT_EYE,222.06763,303.14954,0.6704756,LEFT_EAR,248.0766,301.47067,0.71557045,RIGHT_EAR,215.22546,301.1709,0.4403351,LEFT_SHOULDER,263.07913,311.755,0.56982446,RIGHT_SHOULDER,200.44467,316.77008,0.7404807,LEFT_ELBOW,279.55457,252.92136,0.7262788,RIGHT_ELBOW,188.01204,264.62524,0.6487516,LEFT_WRIST,270.0856,185.4609,0.6068894,RIGHT_WRIST,191.27037,189.26694,0.75131136,LEFT_HIP,255.31744,418.13388,0.8580791,RIGHT_HIP,214.3164,419.0625,0.8420512,LEFT_KNEE,289.79343,466.20874,0.8004742,RIGHT_KNEE,192.34253,472.3678,0.7150402,LEFT_ANKLE,275.34253,513.7275,0.90799606,RIGHT_ANKLE,204.45749,520.2471,0.88168466,
1733118233787,0.6882377,NOSE,229.18875,318.13525,0.58828425,LEFT_EYE,234.52994,311.8647,0.44644666,RIGHT_EYE,222.75314,312.6433,0.6646043,LEFT_EAR,246.3132,312.3203,0.6874362,RIGHT_EAR,215.7161,313.0923,0.46959114,LEFT_SHOULDER,264.0095,320.33984,0.5365156,RIGHT_SHOULDER,200.29686,327.4004,0.65232724,LEFT_ELBOW,278.42923,269.9386,0.681404,RIGHT_ELBOW,186.77054,277.07916,0.7673954,LEFT_WRIST,273.0136,212.09505,0.44713017,RIGHT_WRIST,188.78511,207.75786,0.69667786,LEFT_HIP,255.13123,420.41995,0.8275716,RIGHT_HIP,215.17252,421.3258,0.864591,LEFT_KNEE,290.30313,466.13812,0.89154404,RIGHT_KNEE,193.00403,473.82285,0.76473594,LEFT_ANKLE,275.0754,512.5303,0.8190942,RIGHT_ANKLE,204.33447,520.3458,0.89469254,
1733118233876,0.7025505,NOSE,230.98439,326.2884,0.5899422,LEFT_EYE,235.80392,319.7622,0.6168596,RIGHT_EYE,222.91428,318.9887,0.6998021,LEFT_EAR,247.28384,317.74225,0.5914663,RIGHT_EAR,217.05891,317.92773,0.65732324,LEFT_SHOULDER,264.5347,324.80188,0.5336965,RIGHT_SHOULDER,200.46194,332.03214,0.69795966,LEFT_ELBOW,278.3329,282.2766,0.8039156,RIGHT_ELBOW,188.23895,281.95905,0.71431905,LEFT_WRIST,274.6676,219.71626,0.5570317,RIGHT_WRIST,187.70111,220.71397,0.6893649,LEFT_HIP,254.65643,420.29178,0.655354,RIGHT_HIP,214.65921,421.41605,0.8499972,LEFT_KNEE,290.625,462.87585,0.78104883,RIGHT_KNEE,191.47504,471.35733,0.8162946,LEFT_ANKLE,274.94333,511.22525,0.93262166,RIGHT_ANKLE,202.98366,518.21643,0.7563611,
1733118233964,0.7359695,NOSE,228.36081,339.48584,0.61756957,LEFT_EYE,234.16446,331.67047,0.62443066,RIGHT_EYE,220.28368,331.55023,0.7003664,LEFT_EAR,248.22762,325.47766,0.6481337,RIGHT_EAR,215.74731,328.07013,0.71066165,LEFT_SHOULDER,266.55768,336.34473,0.66055655,RIGHT_SHOULDER,198.29362,340.5136,0.7430005,LEFT_ELBOW,277.12576,293.04416,0.8459527,RIGHT_ELBOW,185.96855,294.81726,0.7112959,LEFT_WRIST,275.3459,233.52344,0.48580214,RIGHT_WRIST,184.77803,229.26846,0.8290253,LEFT_HIP,253.39172,425.28516,0.75943995,RIGHT_HIP,213.0032,424.6999,0.7203027,LEFT_KNEE,288.99097,463.2996,0.877487,RIGHT_KNEE,192.41223,471.24347,0.72092426,LEFT_ANKLE,274.3495,512.5685,0.94680804,RIGHT_ANKLE,201.31802,518.8065,0.9097243,
1733118234054,0.74379176,NOSE,229.26291,342.45493,0.6295823,LEFT_EYE,234.74239,334.95764,0.5351161,RIGHT_EYE,222.0822,335.86053,0.6361973,LEFT_EAR,244.74768,330.64597,0.47581393,RIGHT_EAR,215.09117,333.6366,0.77144146,LEFT_SHOULDER,264.59265,341.3848,0.61801666,RIGHT_SHOULDER,197.88838,346.05475,0.6987518,LEFT_ELBOW,275.48273,300.88986,0.850928,RIGHT_ELBOW,184.66107,300.69714,0.7919762,LEFT_WRIST,275.18253,244.49814,0.7442399,RIGHT_WRIST,182.92169,236.7494,0.8556536,LEFT_HIP,253.14891,428.6878,0.7970455,RIGHT_HIP,212.65971,429.34937,0.7702372,LEFT_KNEE,289.19608,461.74072,0.92990303,RIGHT_KNEE,189.7082,471.17233,0.7729571,LEFT_ANKLE,275.26224,510.4337,0.8469572,RIGHT_ANKLE,201.27098,516.1942,0.9196427,
1733118234145,0.7374981,NOSE,230.56541,349.1349,0.6809505,LEFT_EYE,236.58038,341.00745,0.5677593,RIGHT_EYE,222.63293,341.02597,0.6042758,LEFT_EAR,246.37433,334.4768,0.45923355,RIGHT_EAR,214.95891,336.3465,0.6338761,LEFT_SHOULDER,265.5517,342.22424,0.73856145,RIGHT_SHOULDER,198.93188,348.6806,0.69727314,LEFT_ELBOW,278.24872,303.80527,0.8274256,RIGHT_ELBOW,186.10283,304.29895,0.77834344,LEFT_WRIST,275.15875,249.93402,0.6814486,RIGHT_WRIST,183.43863,244.393,0.83497566,LEFT_HIP,252.82097,430.93433,0.7791856,RIGHT_HIP,212.88084,433.22675,0.88512206,LEFT_KNEE,289.61377,462.78464,0.869861,RIGHT_KNEE,190.69922,472.9616,0.8197556,LEFT_ANKLE,275.2741,510.98935,0.89977133,RIGHT_ANKLE,202.18108,517.1316,0.77965003,
1733118234233,0.7368789,NOSE,231.56259,354.59073,0.61360025,LEFT_EYE,238.18521,346.96265,0.61853325,RIGHT_EYE,223.58539,346.73196,0.59560275,LEFT_EAR,247.94296,340.03165,0.6866174,RIGHT_EAR,215.2882,339.85748,0.5284455,LEFT_SHOULDER,267.01282,346.23074,0.6224582,RIGHT_SHOULDER,199.72821,349.73395,0.7928221,LEFT_ELBOW,279.4867,309.33942,0.8197963,RIGHT_ELBOW,188.05971,309.0382,0.7572644,LEFT_WRIST,277.1998,253.13675,0.71223724,RIGHT_WRIST,185.1066,251.14511,0.7993285,LEFT_HIP,253.15875,433.84445,0.80062616,RIGHT_HIP,213.03963,435.28113,0.88330364,LEFT_KNEE,291.22275,464.03333,0.9299447,RIGHT_KNEE,190.58171,470.51025,0.88922894,LEFT_ANKLE,277.1641,511.46503,0.6469939,RIGHT_ANKLE,202.66049,517.64954,0.8301369,
1733118234319,0.74347407,NOSE,231.8892,352.69363,0.6579334,LEFT_EYE,238.25716,345.45642,0.6379109,RIGHT_EYE,223.81476,345.00885,0.6571435,LEFT_EAR,249.6673,338.77338,0.63066906,RIGHT_EAR,217.55399,340.57584,0.66955996,LEFT_SHOULDER,268.34558,345.6614,0.7460853,RIGHT_SHOULDER,201.10236,351.56024,0.5822524,LEFT_ELBOW,279.54834,309.27023,0.7106788,RIGHT_ELBOW,189.97635,308.70874,0.72553,LEFT_WRIST,277.70776,251.07303,0.8108423,RIGHT_WRIST,188.21654,247.80753,0.83314836,LEFT_HIP,254.36679,433.2096,0.7493371,RIGHT_HIP,214.74263,435.5771,0.8639132,LEFT_KNEE,291.8844,463.60938,0.8612225,RIGHT_KNEE,191.7656,471.7385,0.8978497,LEFT_ANKLE,277.80957,510.43875,0.771071,RIGHT_ANKLE,204.06015,518.51465,0.8339107,
1733118234408,0.7363616,NOSE,231.55281,348.52332,0.5628941,LEFT_EYE,237.79651,341.2056,0.6328656,RIGHT_EYE,224.14792,341.32648,0.7258661,LEFT_EAR,249.82887,335.4072,0.7303175,RIGHT_EAR,217.396,335.75424,0.52611315,LEFT_SHOULDER,268.48315,341.8748,0.65469074,RIGHT_SHOULDER,201.47198,348.41382,0.6610076,LEFT_ELBOW,277.27103,304.00418,0.59435046,RIGHT_ELBOW,189.0072,304.73248,0.6716508,LEFT_WRIST,277.9753,244.85344,0.7399534,RIGHT_WRIST,188.37338,239.72891,0.83639514,LEFT_HIP,254.51906,432.8298,0.81323206,RIGHT_HIP,215.38689,432.96667,0.8182649,LEFT_KNEE,291.70245,465.81512,0.892236,RIGHT_KNEE,192.70665,473.0363,0.88795614,LEFT_ANKLE,275.69107,512.11725,0.92993927,RIGHT_ANKLE,204.17482,519.6216,0.84041506,
1733118234497,0.75108516,NOSE,232.43115,328.1217,0.66142386,LEFT_EYE,237.87459,321.3346,0.6316998,RIGHT_EYE,225.06279,321.0635,0.704548,LEFT_EAR,248.45744,317.33282,0.6550384,RIGHT_EAR,219.48851,318.54883,0.6538166,LEFT_SHOULDER,266.59528,329.30444,0.7690389,RIGHT_SHOULDER,201.6225,334.41388,0.7599467,LEFT_ELBOW,276.51486,286.74268,0.75943094,RIGHT_ELBOW,189.36952,286.945,0.69279504,LEFT_WRIST,276.50015,224.2619,0.7997124,RIGHT_WRIST,187.35017,220.42804,0.8757546,LEFT_HIP,253.90892,423.95538,0.7627238,RIGHT_HIP,214.55894,425.53995,0.7917393,LEFT_KNEE,291.84894,466.4948,0.920529,RIGHT_KNEE,193.09251,472.60583,0.83791864,LEFT_ANKLE,277.11688,512.12787,0.8803035,RIGHT_ANKLE,204.1376,518.5248,0.61202896,
1733118234586,0.7315107,NOSE,227.84625,316.859,0.6341296,LEFT_EYE,234.10722,308.31265,0.5571792,RIGHT_EYE,219.90498,309.03912,0.56986964,LEFT_EAR,249.30347,302.09995,0.6810174,RIGHT_EAR,213.80403,303.03082,0.682899,LEFT_SHOULDER,264.7952,313.578,0.62761295,RIGHT_SHOULDER,198.57153,318.79675,0.7873103,LEFT_ELBOW,272.00742,265.75687,0.75554746,RIGHT_ELBOW,186.20866,270.8977,0.7083847,LEFT_WRIST,274.27417,203.0236,0.6950979,RIGHT_WRIST,184.38268,200.31972,0.87114584,LEFT_HIP,251.75897,413.2221,0.68324935,RIGHT_HIP,210.8564,414.11743,0.82684946,LEFT_KNEE,288.13315,464.5215,0.90999347,RIGHT_KNEE,190.25552,469.34784,0.8478608,LEFT_ANKLE,273.8662,512.3942,0.94116086,RIGHT_ANKLE,202.25232,520.36786,0.6563746,
1733118234674,0.7456413,NOSE,227.51964,299.94653,0.6989843,LEFT_EYE,233.67627,292.17535,0.5863422,RIGHT_EYE,220.35568,293.43396,0.6108819,LEFT_EAR,246.74161,285.52417,0.57945824,RIGHT_EAR,215.29544,289.33414,0.74867725,LEFT_SHOULDER,264.35764,300.64078,0.69295293,RIGHT_SHOULDER,198.83289,307.30627,0.8366092,LEFT_ELBOW,273.30872,251.8324,0.8738865,RIGHT_ELBOW,187.25653,253.95999,0.6457953,LEFT_WRIST,273.6994,186.18433,0.7486246,RIGHT_WRIST,185.60226,179.2089,0.8749647,LEFT_HIP,252.93317,404.84357,0.75958073,RIGHT_HIP,211.56999,403.78552,0.8284157,LEFT_KNEE,288.15784,463.3296,0.85762954,RIGHT_KNEE,190.25652,468.9936,0.84004974,LEFT_ANKLE,275.8655,511.40607,0.7130978,RIGHT_ANKLE,203.37189,520.24805,0.7799515,
1733118234764,0.71085244,NOSE,225.51382,275.20032,0.6641507,LEFT_EYE,231.82285,267.49792,0.5272649,RIGHT_EYE,218.2414,267.02863,0.69590914,LEFT_EAR,247.62167,262.72467,0.6121073,RIGHT_EAR,213.92624,263.6264,0.76427686,LEFT_SHOULDER,262.7105,277.18732,0.6859414,RIGHT_SHOULDER,199.91121,281.05463,0.8305839,LEFT_ELBOW,271.6671,220.21204,0.8578485,RIGHT_ELBOW,186.21057,223.00723,0.4736734,LEFT_WRIST,271.55573,153.93004,0.5861441,RIGHT_WRIST,190.85872,159.4817,0.44518292,LEFT_HIP,252.18842,393.08472,0.6573229,RIGHT_HIP,210.70102,394.79587,0.8199982,LEFT_KNEE,285.94302,458.38336,0.81382704,RIGHT_KNEE,190.95262,464.267,0.84180707,LEFT_ANKLE,272.94135,510.80838,0.90087247,RIGHT_ANKLE,202.33693,520.02136,0.9075815,
1733118234852,0.7082521,NOSE,222.2476,253.73505,0.6177472,LEFT_EYE,229.88322,246.38828,0.66079444,RIGHT_EYE,216.72807,246.9814,0.72848934,LEFT_EAR,245.86119,242.05522,0.56121105,RIGHT_EAR,214.39638,245.21016,0.62293315,LEFT_SHOULDER,262.42694,259.25946,0.6050325,RIGHT_SHOULDER,201.54564,262.62744,0.7815319,LEFT_ELBOW,270.16577,203.28006,0.88641614,RIGHT_ELBOW,184.97993,207.03613,0.56456923,LEFT_WRIST,269.66522,128.3716,0.7153158,RIGHT_WRIST,180.8565,129.98434,0.8269349,LEFT_HIP,252.42775,381.84775,0.6095425,RIGHT_HIP,209.97734,384.90768,0.8111631,LEFT_KNEE,282.99817,452.43024,0.7338114,RIGHT_KNEE,195.40729,460.03516,0.8035113,LEFT_ANKLE,274.72284,510.53677,0.7390975,RIGHT_ANKLE,201.85353,521.4889,0.7721834,
1733118234943,0.6951046,NOSE,220.1726,233.12697,0.5568393,LEFT_EYE,228.10596,225.04121,0.6143149,RIGHT_EYE,214.48514,226.16568,0.6149924,LEFT_EAR,242.94824,226.63441,0.7664193,RIGHT_EAR,211.31442,228.77333,0.57060766,LEFT_SHOULDER,261.86877,247.8571,0.70150435,RIGHT_SHOULDER,198.34888,251.86998,0.7939488,LEFT_ELBOW,269.5618,183.25165,0.6210047,RIGHT_ELBOW,180.18045,187.71896,0.64449775,LEFT_WRIST,266.4521,117.50386,0.66873455,RIGHT_WRIST,182.0982,112.03671,0.53667355,LEFT_HIP,253.47073,373.59668,0.859238,RIGHT_HIP,210.8729,376.52625,0.87731403,LEFT_KNEE,277.75266,451.11035,0.68250114,RIGHT_KNEE,200.41516,456.4493,0.8249077,LEFT_ANKLE,273.31326,510.68976,0.8760098,RIGHT_ANKLE,201.07419,521.8723,0.607271,
1733118235037,0.7001365,NOSE,220.59625,221.52997,0.6813297,LEFT_EYE,227.95416,213.99214,0.62308264,RIGHT_EYE,214.03876,214.42708,0.6333959,LEFT_EAR,241.23044,214.67133,0.6941886,RIGHT_EAR,208.53534,217.75374,0.53602034,LEFT_SHOULDER,258.55576,238.13397,0.6259321,RIGHT_SHOULDER,193.34421,240.26744,0.7931448,LEFT_ELBOW,267.88458,163.83093,0.7442814,RIGHT_ELBOW,177.43759,171.44514,0.63990617,LEFT_WRIST,261.8489,90.646866,0.5814113,RIGHT_WRIST,179.07358,89.7191,0.7456985,LEFT_HIP,249.08585,363.3822,0.7430546,RIGHT_HIP,209.04608,364.77936,0.8056753,LEFT_KNEE,266.6994,441.3071,0.74190295,RIGHT_KNEE,204.65726,445.52777,0.77393246,LEFT_ANKLE,271.8832,515.4876,0.69869083,RIGHT_ANKLE,198.43817,519.6498,0.8406726,
1733118235128,0.66952014,NOSE,222.64017,220.73006,0.49291766,LEFT_EYE,228.86755,213.2335,0.4404765,RIGHT_EYE,215.09763,213.08997,0.7503836,LEFT_EAR,240.79727,213.56436,0.6507758,RIGHT_EAR,207.9754,215.06369,0.6513658,LEFT_SHOULDER,254.13303,231.51218,0.65046716,RIGHT_SHOULDER,198.93613,236.25803,0.6843701,LEFT_ELBOW,264.97095,167.0145,0.8437009,RIGHT_ELBOW,180.81033,164.51193,0.511476,LEFT_WRIST,263.95972,91.050125,0.38793746,RIGHT_WRIST,182.11789,78.88215,0.7282839,LEFT_HIP,249.18396,356.85388,0.7870937,RIGHT_HIP,208.04022,359.68567,0.7599962,LEFT_KNEE,266.66412,440.17615,0.84742117,RIGHT_KNEE,204.5953,441.33917,0.65579134,LEFT_ANKLE,272.47708,512.84015,0.7622564,RIGHT_ANKLE,200.23083,512.4753,0.7771282,
1733118235213,0.6525264,NOSE,219.48135,219.67548,0.39049456,LEFT_EYE,227.8204,211.87712,0.61109793,RIGHT_EYE,212.97827,212.11469,0.6996685,LEFT_EAR,238.62936,211.63048,0.51320726,RIGHT_EAR,206.28638,214.15077,0.7540965,LEFT_SHOULDER,253.15552,230.3128,0.6824619,RIGHT_SHOULDER,196.20276,234.3039,0.72149324,LEFT_ELBOW,264.22382,163.969,0.8677235,RIGHT_ELBOW,180.7384,162.14296,0.4895472,LEFT_WRIST,260.75873,93.04043,0.36178577,RIGHT_WRIST,182.2037,77.36888,0.73383933,LEFT_HIP,247.14108,356.62915,0.72817755,RIGHT_HIP,206.0805,357.636,0.6991498,LEFT_KNEE,266.05072,439.1873,0.81670463,RIGHT_KNEE,202.4721,441.7734,0.58835304,LEFT_ANKLE,270.0752,512.0626,0.6832994,RIGHT_ANKLE,198.45474,514.7882,0.7518482,
